﻿<?xml version="1.0" encoding="utf-8"?>

<Deployment xmlns="http://schemas.microsoft.com/windowsphone/2009/deployment" AppPlatformVersion="7.0">
  <App xmlns="" ProductID="{ac5b5d62-573c-4134-b290-0ad4f678ad7f}" Title="$safeprojectname$" RuntimeType="SilverLight" Version="1.0.0.0" Genre="NormalApp"  Author="" Description="" Publisher="">
    <IconPath IsRelative ="true" IsResource="true">res://StartMenu!AppIconGeneric.png</IconPath>
    <Capabilities>
    </Capabilities>
    <Tasks>
      <DefaultTask  Name ="_default" PlaceHolderString="Default task"/>
    </Tasks>
    <Tokens>
      <PrimaryToken TokenID="$safeprojectname$Token" TaskName="_default">
        <TemplateType5>
          <BackgroundImageURI  IsRelative="true"  IsResource="false">ApplicationIcon.png</BackgroundImageURI>
          <Count>0</Count>
          <Title>$safeprojectname$</Title>
        </TemplateType5>
      </PrimaryToken>
    </Tokens>
  </App>
</Deployment>